GISJOIN,Year,State,STATEA,COUNTYA,AREANAME,BlackPop,State_code
G090,1790,Connecticut,90,,Connecticut,5419,CT
G100,1790,Delaware,100,,Delaware,12786,DE
G130,1790,Georgia,130,,Georgia,29662,GA
G240,1790,Maryland,240,,Maryland,111079,MD
G250,1790,Massachusetts,250,,Massachusetts,5905,MA
G330,1790,New Hampshire,330,,New Hampshire,787,NH
G340,1790,New Jersey,340,,New Jersey,14185,NJ
G360,1790,New York,360,,New York,25875,NY
G370,1790,North Carolina,370,,North Carolina,105824,NC
G420,1790,Pennsylvania,420,,Pennsylvania,10238,PA
G440,1790,Rhode Island,440,,Rhode Island,4442,RI
G450,1790,South Carolina,450,,South Carolina,108895,SC
G465,1790,Southwest Territory,465,,Southwest Territory,3778,#N/A
G500,1790,Vermont,500,,Vermont,269,VT
G510,1790,Virginia,510,,Virginia,318037,VA
G090,1800,Connecticut,90,,Connecticut,6281,CT
G100,1800,Delaware,100,,Delaware,14421,DE
G110,1800,District Of Columbia,110,,District of Columbia,4027,#N/A
G130,1800,Georgia,130,,Georgia,60423,GA
G185,1800,Indiana Territory,185,,Indiana Territory,298,#N/A
G210,1800,Kentucky,210,,Kentucky,41084,KY
G240,1800,Maryland,240,,Maryland,125222,MD
G250,1800,Massachusetts,250,,Massachusetts,7270,MA
G285,1800,Mississippi Territory,285,,Mississippi Territory,3671,#N/A
G330,1800,New Hampshire,330,,New Hampshire,860,NH
G340,1800,New Jersey,340,,New Jersey,16824,NJ
G360,1800,New York,360,,New York,30717,NY
G370,1800,North Carolina,370,,North Carolina,140339,NC
G385,1800,Northwest Territory,385,,Northwest Territory,337,#N/A
G420,1800,Pennsylvania,420,,Pennsylvania,16271,PA
G440,1800,Rhode Island,440,,Rhode Island,3685,RI
G450,1800,South Carolina,450,,South Carolina,149336,SC
G470,1800,Tennessee,470,,Tennessee,13893,TN
G500,1800,Vermont,500,,Vermont,557,VT
G510,1800,Virginia,510,,Virginia,365920,VA
G090,1810,Connecticut,90,,Connecticut,6763,CT
G100,1810,Delaware,100,,Delaware,17313,DE
G110,1810,District Of Columbia,110,,District of Columbia,7944,#N/A
G130,1810,Georgia,130,,Georgia,107019,GA
G175,1810,Illinois Territory,175,,Illinois Territory,781,#N/A
G185,1810,Indiana Territory,185,,Indiana Territory,630,#N/A
G210,1810,Kentucky,210,,Kentucky,82274,KY
G225,1810,Louisiana Territory,225,,Louisiana Territory,3618,#N/A
G240,1810,Maryland,240,,Maryland,145429,MD
G250,1810,Massachusetts,250,,Massachusetts,7706,MA
G265,1810,Michigan Territory,265,,Michigan Territory,144,#N/A
G285,1810,Mississippi Territory,285,,Mississippi Territory,17328,#N/A
G330,1810,New Hampshire,330,,New Hampshire,970,NH
G340,1810,New Jersey,340,,New Jersey,18694,NJ
G360,1810,New York,360,,New York,40350,NY
G370,1810,North Carolina,370,,North Carolina,179090,NC
G390,1810,Ohio,390,,Ohio,1899,OH
G417,1810,Orleans Territory,417,,Orleans Territory,42245,#N/A
G420,1810,Pennsylvania,420,,Pennsylvania,23287,PA
G440,1810,Rhode Island,440,,Rhode Island,3717,RI
G450,1810,South Carolina,450,,South Carolina,200919,SC
G470,1810,Tennessee,470,,Tennessee,45852,TN
G500,1810,Vermont,500,,Vermont,750,VT
G510,1810,Virginia,510,,Virginia,423088,VA
G010,1820,Alabama,10,,Alabama,42450,AL
G055,1820,Arkansas Territory,55,,Arkansas Territory,1676,#N/A
G090,1820,Connecticut,90,,Connecticut,7941,CT
G100,1820,Delaware,100,,Delaware,17467,DE
G110,1820,District Of Columbia,110,,District of Columbia,10425,#N/A
G130,1820,Georgia,130,,Georgia,151419,GA
G170,1820,Illinois,170,,Illinois,1374,IL
G180,1820,Indiana,180,,Indiana,1420,IN
G210,1820,Kentucky,210,,Kentucky,129491,KY
G220,1820,Louisiana,220,,Louisianna,79540,LA
G230,1820,Maine,230,,Maine,929,ME
G240,1820,Maryland,240,,Maryland,147128,MD
G250,1820,Massachusetts,250,,Massachusetts,6740,MA
G265,1820,Michigan Territory,265,,Michigan Territory,174,#N/A
G280,1820,Mississippi,280,,Mississippi,33272,MS
G295,1820,Missouri Territory,295,,Missouri Territory,10569,#N/A
G330,1820,New Hampshire,330,,New Hampshire,786,NH
G340,1820,New Jersey,340,,New Jersey,20017,NJ
G360,1820,New York,360,,New York,39367,NY
G370,1820,North Carolina,370,,North Carolina,219629,NC
G390,1820,Ohio,390,,Ohio,4723,OH
G420,1820,Pennsylvania,420,,Pennsylvania,30413,PA
G440,1820,Rhode Island,440,,Rhode Island,3602,RI
G450,1820,South Carolina,450,,South Carolina,265301,SC
G470,1820,Tennessee,470,,Tennessee,82834,TN
G500,1820,Vermont,500,,Vermont,903,VT
G510,1820,Virginia,510,,Virginia,462042,VA
G010,1830,Alabama,10,,Alabama,119121,AL
G055,1830,Arkansas Territory,55,,Arkansas Territory,4717,#N/A
G090,1830,Connecticut,90,,Connecticut,8072,CT
G100,1830,Delaware,100,,Delaware,19147,DE
G110,1830,District Of Columbia,110,,District of Columbia,12271,#N/A
G125,1830,Florida Territory,125,,Florida Territory,16345,#N/A
G130,1830,Georgia,130,,Georgia,220017,GA
G170,1830,Illinois,170,,Illinois,2384,IL
G180,1830,Indiana,180,,Indiana,3632,IN
G210,1830,Kentucky,210,,Kentucky,170130,KY
G220,1830,Louisiana,220,,Louisianna,126298,LA
G230,1830,Maine,230,,Maine,1192,ME
G240,1830,Maryland,240,,Maryland,155932,MD
G250,1830,Massachusetts,250,,Massachusetts,7049,MA
G265,1830,Michigan Territory,265,,Michigan Territory,293,#N/A
G280,1830,Mississippi,280,,Mississippi,66178,MS
G290,1830,Missouri,290,,Missouri,25660,MO
G330,1830,New Hampshire,330,,New Hampshire,607,NH
G340,1830,New Jersey,340,,New Jersey,20557,NJ
G360,1830,New York,360,,New York,44945,NY
G370,1830,North Carolina,370,,North Carolina,265144,NC
G390,1830,Ohio,390,,Ohio,9574,OH
G420,1830,Pennsylvania,420,,Pennsylvania,38333,PA
G440,1830,Rhode Island,440,,Rhode Island,3578,RI
G450,1830,South Carolina,450,,South Carolina,323322,SC
G470,1830,Tennessee,470,,Tennessee,146158,TN
G500,1830,Vermont,500,,Vermont,881,VT
G510,1830,Virginia,510,,Virginia,517105,VA
G010,1840,Alabama,10,,Alabama,255571,AL
G050,1840,Arkansas,50,,Arkansas,20400,AR
G090,1840,Connecticut,90,,Connecticut,8122,CT
G100,1840,Delaware,100,,Delaware,19524,DE
G110,1840,District Of Columbia,110,,District of Columbia,13055,#N/A
G125,1840,Florida Territory,125,,Florida Territory,26534,#N/A
G130,1840,Georgia,130,,Georgia,283697,GA
G170,1840,Illinois,170,,Illinois,3929,IL
G180,1840,Indiana,180,,Indiana,7168,IN
G195,1840,Iowa Territory,195,,Iowa Territory,188,#N/A
G210,1840,Kentucky,210,,Kentucky,189575,KY
G220,1840,Louisiana,220,,Louisianna,193954,LA
G230,1840,Maine,230,,Maine,1355,ME
G240,1840,Maryland,240,,Maryland,151815,MD
G250,1840,Massachusetts,250,,Massachusetts,8669,MA
G260,1840,Michigan,260,,Michigan,707,MI
G280,1840,Mississippi,280,,Mississippi,196577,MS
G290,1840,Missouri,290,,Missouri,59814,MO
G330,1840,New Hampshire,330,,New Hampshire,538,NH
G340,1840,New Jersey,340,,New Jersey,21718,NJ
G360,1840,New York,360,,New York,50031,NY
G370,1840,North Carolina,370,,North Carolina,268549,NC
G390,1840,Ohio,390,,Ohio,17345,OH
G420,1840,Pennsylvania,420,,Pennsylvania,47918,PA
G440,1840,Rhode Island,440,,Rhode Island,3243,RI
G450,1840,South Carolina,450,,South Carolina,335314,SC
G470,1840,Tennessee,470,,Tennessee,188583,TN
G500,1840,Vermont,500,,Vermont,730,VT
G510,1840,Virginia,510,,Virginia,498939,VA
G555,1840,Wisconsin Territory,555,,Wisconsin Territory,196,#N/A
G010,1850,Alabama,10,,Alabama,345109,AL
G050,1850,Arkansas,50,,Arkansas,47708,AR
G060,1850,California,60,,California,962,CA
G090,1850,Connecticut,90,,Connecticut,7693,CT
G100,1850,Delaware,100,,Delaware,20363,DE
G110,1850,District Of Columbia,110,,District of Columbia,13746,#N/A
G120,1850,Florida,120,,Florida,40242,FL
G130,1850,Georgia,130,,Georgia,384613,GA
G170,1850,Illinois,170,,Illinois,5436,IL
G180,1850,Indiana,180,,Indiana,11262,IN
G190,1850,Iowa,190,,Iowa,333,IA
G210,1850,Kentucky,210,,Kentucky,220992,KY
G220,1850,Louisiana,220,,Louisianna,262271,LA
G230,1850,Maine,230,,Maine,1356,ME
G240,1850,Maryland,240,,Maryland,165091,MD
G250,1850,Massachusetts,250,,Massachusetts,9064,MA
G260,1850,Michigan,260,,Michigan,2583,MI
G275,1850,Minnesota Territory,275,,Minnesota Territory,39,#N/A
G280,1850,Mississippi,280,,Mississippi,310808,MS
G290,1850,Missouri,290,,Missouri,90040,MO
G330,1850,New Hampshire,330,,New Hampshire,520,NH
G340,1850,New Jersey,340,,New Jersey,24046,NJ
G355,1850,New Mexico Territory,355,,New Mexico Territory,22,#N/A
G360,1850,New York,360,,New York,49069,NY
G370,1850,North Carolina,370,,North Carolina,316011,NC
G390,1850,Ohio,390,,Ohio,25279,OH
G413,1850,Oregon Territory,413,,Oregon Territory,207,#N/A
G420,1850,Pennsylvania,420,,Pennsylvania,53626,PA
G440,1850,Rhode Island,440,,Rhode Island,3670,RI
G450,1850,South Carolina,450,,South Carolina,393944,SC
G470,1850,Tennessee,470,,Tennessee,245881,TN
G480,1850,Texas,480,,Texas,58558,TX
G495,1850,Utah Territory,495,,Utah Territory,50,#N/A
G500,1850,Vermont,500,,Vermont,718,VT
G510,1850,Virginia,510,,Virginia,526861,VA
G550,1850,Wisconsin,550,,Wisconsin,635,WI
G010,1860,Alabama,10,,Alabama,437770,AL
G050,1860,Arkansas,50,,Arkansas,111259,AR
G060,1860,California,60,,California,4086,CA
G085,1860,Colorado Territory,85,,Colorado Territory,46,#N/A
G090,1860,Connecticut,90,,Connecticut,8627,CT
G095,1860,Dakota Territory,95,,Dakota Territory,0,#N/A
G100,1860,Delaware,100,,Delaware,21627,DE
G110,1860,District Of Columbia,110,,District of Columbia,14316,#N/A
G120,1860,Florida,120,,Florida,62677,FL
G130,1860,Georgia,130,,Georgia,465698,GA
G170,1860,Illinois,170,,Illinois,7628,IL
G180,1860,Indiana,180,,Indiana,11428,IN
G190,1860,Iowa,190,,Iowa,1069,IA
G205,1860,Kansas Territory,205,,Kansas Territory,627,#N/A
G210,1860,Kentucky,210,,Kentucky,236167,KY
G220,1860,Louisiana,220,,Louisianna,350373,LA
G230,1860,Maine,230,,Maine,1327,ME
G240,1860,Maryland,240,,Maryland,171131,MD
G250,1860,Massachusetts,250,,Massachusetts,9602,MA
G260,1860,Michigan,260,,Michigan,6799,MI
G270,1860,Minnesota,270,,Minnesota,259,MN
G280,1860,Mississippi,280,,Mississippi,437404,MS
G290,1860,Missouri,290,,Missouri,118503,MO
G315,1860,Nebraska Territory,315,,Nebraska Territory,82,#N/A
G325,1860,Nevada Territory,325,,Nevada Territory,45,#N/A
G330,1860,New Hampshire,330,,New Hampshire,494,NH
G340,1860,New Jersey,340,,New Jersey,25336,NJ
G355,1860,New Mexico Territory,355,,New Mexico Territory,85,#N/A
G360,1860,New York,360,,New York,49005,NY
G370,1860,North Carolina,370,,North Carolina,361522,NC
G390,1860,Ohio,390,,Ohio,36673,OH
G410,1860,Oregon,410,,Oregon,128,OR
G420,1860,Pennsylvania,420,,Pennsylvania,56949,PA
G440,1860,Rhode Island,440,,Rhode Island,3952,RI
G450,1860,South Carolina,450,,South Carolina,412320,SC
G470,1860,Tennessee,470,,Tennessee,283019,TN
G480,1860,Texas,480,,Texas,182921,TX
G495,1860,Utah Territory,495,,Utah Territory,59,#N/A
G500,1860,Vermont,500,,Vermont,709,VT
G510,1860,Virginia,510,,Virginia,548907,VA
G535,1860,Washington Territory,535,,Washington Territory,30,#N/A
G550,1860,Wisconsin,550,,Wisconsin,1171,WI
G010,1870,Alabama,10,,Alabama,475510,AL
G045,1870,Arizona Territory,45,,Arizona Territory,26,#N/A
G050,1870,Arkansas,50,,Arkansas,122169,AR
G060,1870,California,60,,California,4272,CA
G085,1870,Colorado Territory,85,,Colorado Territory,456,#N/A
G090,1870,Connecticut,90,,Connecticut,9668,CT
G095,1870,Dakota Territory,95,,Dakota Territory,94,#N/A
G100,1870,Delaware,100,,Delaware,22794,DE
G110,1870,District Of Columbia,110,,District of Columbia,43404,#N/A
G120,1870,Florida,120,,Florida,91689,FL
G130,1870,Georgia,130,,Georgia,545142,GA
G165,1870,Idaho Territory,165,,Idaho Territory,60,#N/A
G170,1870,Illinois,170,,Illinois,28762,IL
G180,1870,Indiana,180,,Indiana,24560,IN
G190,1870,Iowa,190,,Iowa,5762,IA
G200,1870,Kansas,200,,Kansas,17108,KS
G210,1870,Kentucky,210,,Kentucky,222210,KY
G220,1870,Louisiana,220,,Louisianna,364210,LA
G230,1870,Maine,230,,Maine,1606,ME
G240,1870,Maryland,240,,Maryland,175391,MD
G250,1870,Massachusetts,250,,Massachusetts,13947,MA
G260,1870,Michigan,260,,Michigan,11849,MI
G270,1870,Minnesota,270,,Minnesota,759,MN
G280,1870,Mississippi,280,,Mississippi,444201,MS
G290,1870,Missouri,290,,Missouri,118071,MO
G305,1870,Montana Territory,305,,Montana Territory,183,#N/A
G310,1870,Nebraska,310,,Nebraska,789,NE
G320,1870,Nevada,320,,Nevada,357,NV
G330,1870,New Hampshire,330,,New Hampshire,580,NH
G340,1870,New Jersey,340,,New Jersey,30658,NJ
G355,1870,New Mexico Territory,355,,New Mexico Territory,172,#N/A
G360,1870,New York,360,,New York,52081,NY
G370,1870,North Carolina,370,,North Carolina,391650,NC
G390,1870,Ohio,390,,Ohio,63213,OH
G410,1870,Oregon,410,,Oregon,346,OR
G420,1870,Pennsylvania,420,,Pennsylvania,65294,PA
G440,1870,Rhode Island,440,,Rhode Island,4980,RI
G450,1870,South Carolina,450,,South Carolina,415814,SC
G470,1870,Tennessee,470,,Tennessee,322331,TN
G480,1870,Texas,480,,Texas,253475,TX
G495,1870,Utah Territory,495,,Utah Territory,118,#N/A
G500,1870,Vermont,500,,Vermont,924,VT
G510,1870,Virginia,510,,Virginia,512841,VA
G535,1870,Washington Territory,535,,Washington Territory,207,#N/A
G540,1870,West Virginia,540,,West Virginia,17980,WV
G550,1870,Wisconsin,550,,Wisconsin,2113,WI
G565,1870,Wyoming Territory,565,,Wyoming Territory,183,#N/A
G010,1880,Alabama,10,,Alabama,600103,AL
G025,1880,Alaska Territory,25,,Alaska Territory,0,#N/A
G045,1880,Arizona Territory,45,,Arizona Territory,155,#N/A
G050,1880,Arkansas,50,,Arkansas,210666,AR
G060,1880,California,60,,California,6018,CA
G080,1880,Colorado,80,,Colorado,2435,CO
G090,1880,Connecticut,90,,Connecticut,11547,CT
G095,1880,Dakota Territory,95,,Dakota Territory,401,#N/A
G100,1880,Delaware,100,,Delaware,26442,DE
G110,1880,District Of Columbia,110,,District of Columbia,59596,#N/A
G120,1880,Florida,120,,Florida,126690,FL
G130,1880,Georgia,130,,Georgia,725133,GA
G165,1880,Idaho Territory,165,,Idaho Territory,53,#N/A
G170,1880,Illinois,170,,Illinois,46368,IL
G180,1880,Indiana,180,,Indiana,39228,IN
G190,1880,Iowa,190,,Iowa,9516,IA
G200,1880,Kansas,200,,Kansas,43107,KS
G210,1880,Kentucky,210,,Kentucky,271451,KY
G220,1880,Louisiana,220,,Louisianna,483655,LA
G230,1880,Maine,230,,Maine,1451,ME
G240,1880,Maryland,240,,Maryland,210230,MD
G250,1880,Massachusetts,250,,Massachusetts,18697,MA
G260,1880,Michigan,260,,Michigan,15100,MI
G270,1880,Minnesota,270,,Minnesota,1564,MN
G280,1880,Mississippi,280,,Mississippi,650291,MS
G290,1880,Missouri,290,,Missouri,145350,MO
G305,1880,Montana Territory,305,,Montana Territory,346,#N/A
G310,1880,Nebraska,310,,Nebraska,2385,NE
G320,1880,Nevada,320,,Nevada,488,NV
G330,1880,New Hampshire,330,,New Hampshire,685,NH
G340,1880,New Jersey,340,,New Jersey,38853,NJ
G355,1880,New Mexico Territory,355,,New Mexico Territory,1015,#N/A
G360,1880,New York,360,,New York,65104,NY
G370,1880,North Carolina,370,,North Carolina,531277,NC
G390,1880,Ohio,390,,Ohio,79900,OH
G410,1880,Oregon,410,,Oregon,487,OR
G420,1880,Pennsylvania,420,,Pennsylvania,85535,PA
G440,1880,Rhode Island,440,,Rhode Island,6488,RI
G450,1880,South Carolina,450,,South Carolina,604332,SC
G470,1880,Tennessee,470,,Tennessee,403151,TN
G480,1880,Texas,480,,Texas,393384,TX
G495,1880,Utah Territory,495,,Utah Territory,232,#N/A
G500,1880,Vermont,500,,Vermont,1057,VT
G510,1880,Virginia,510,,Virginia,631616,VA
G535,1880,Washington Territory,535,,Washington Territory,325,#N/A
G540,1880,West Virginia,540,,West Virginia,25886,WV
G550,1880,Wisconsin,550,,Wisconsin,2702,WI
G565,1880,Wyoming Territory,565,,Wyoming Territory,298,#N/A
G010,1890,Alabama,10,,Alabama,678489,AL
G025,1890,Alaska Territory,25,,Alaska Territory,112,#N/A
G045,1890,Arizona Territory,45,,Arizona Territory,1357,#N/A
G050,1890,Arkansas,50,,Arkansas,309117,AR
G060,1890,California,60,,California,11322,CA
G080,1890,Colorado,80,,Colorado,6215,CO
G090,1890,Connecticut,90,,Connecticut,12302,CT
G100,1890,Delaware,100,,Delaware,28386,DE
G110,1890,District Of Columbia,110,,District of Columbia,75572,#N/A
G120,1890,Florida,120,,Florida,166180,FL
G130,1890,Georgia,130,,Georgia,858815,GA
G160,1890,Idaho,160,,Idaho,201,ID
G170,1890,Illinois,170,,Illinois,57028,IL
G178,1890,Indian Territory,178,,Indian Territory,,#N/A
G180,1890,Indiana,180,,Indiana,45215,IN
G190,1890,Iowa,190,,Iowa,10685,IA
G200,1890,Kansas,200,,Kansas,49710,KS
G210,1890,Kentucky,210,,Kentucky,268071,KY
G220,1890,Louisiana,220,,Louisianna,559193,LA
G230,1890,Maine,230,,Maine,1190,ME
G240,1890,Maryland,240,,Maryland,215657,MD
G250,1890,Massachusetts,250,,Massachusetts,22144,MA
G260,1890,Michigan,260,,Michigan,15223,MI
G270,1890,Minnesota,270,,Minnesota,3683,MN
G280,1890,Mississippi,280,,Mississippi,742559,MS
G290,1890,Missouri,290,,Missouri,150184,MO
G300,1890,Montana,300,,Montana,1490,MT
G310,1890,Nebraska,310,,Nebraska,8913,NE
G320,1890,Nevada,320,,Nevada,242,NV
G330,1890,New Hampshire,330,,New Hampshire,614,NH
G340,1890,New Jersey,340,,New Jersey,47638,NJ
G355,1890,New Mexico Territory,355,,New Mexico Territory,1956,#N/A
G360,1890,New York,360,,New York,70092,NY
G370,1890,North Carolina,370,,North Carolina,561018,NC
G380,1890,North Dakota,380,,North Dakota,373,ND
G390,1890,Ohio,390,,Ohio,87113,OH
G405,1890,Oklahoma Territory,405,,Oklahoma Territory,2973,#N/A
G410,1890,Oregon,410,,Oregon,1186,OR
G420,1890,Pennsylvania,420,,Pennsylvania,107596,PA
G440,1890,Rhode Island,440,,Rhode Island,7393,RI
G450,1890,South Carolina,450,,South Carolina,688934,SC
G460,1890,South Dakota,460,,South Dakota,541,SD
G470,1890,Tennessee,470,,Tennessee,430678,TN
G480,1890,Texas,480,,Texas,488171,TX
G495,1890,Utah Territory,495,,Utah Territory,588,#N/A
G500,1890,Vermont,500,,Vermont,937,VT
G510,1890,Virginia,510,,Virginia,635438,VA
G530,1890,Washington,530,,Washington,1602,WA
G540,1890,West Virginia,540,,West Virginia,32690,WV
G550,1890,Wisconsin,550,,Wisconsin,2444,WI
G560,1890,Wyoming,560,,Wyoming,922,WY
G010,1900,Alabama,10,,Alabama,827307,AL
G025,1900,Alaska Territory,25,,Alaska Territory,168,#N/A
G045,1900,Arizona Territory,45,,Arizona Territory,1848,#N/A
G050,1900,Arkansas,50,,Arkansas,366856,AR
G060,1900,California,60,,California,11045,CA
G080,1900,Colorado,80,,Colorado,8570,CO
G090,1900,Connecticut,90,,Connecticut,15226,CT
G100,1900,Delaware,100,,Delaware,30697,DE
G110,1900,District Of Columbia,110,,District of Columbia,86702,#N/A
G120,1900,Florida,120,,Florida,230730,FL
G130,1900,Georgia,130,,Georgia,1034813,GA
G155,1900,Hawaii Territory,155,,Hawaii Territory,233,#N/A
G160,1900,Idaho,160,,Idaho,293,ID
G170,1900,Illinois,170,,Illinois,85078,IL
G178,1900,Indian Territory,178,,Indian Territory,36853,#N/A
G180,1900,Indiana,180,,Indiana,57505,IN
G190,1900,Iowa,190,,Iowa,12693,IA
G200,1900,Kansas,200,,Kansas,52003,KS
G210,1900,Kentucky,210,,Kentucky,284706,KY
G220,1900,Louisiana,220,,Louisianna,650804,LA
G230,1900,Maine,230,,Maine,1319,ME
G240,1900,Maryland,240,,Maryland,235064,MD
G250,1900,Massachusetts,250,,Massachusetts,31974,MA
G260,1900,Michigan,260,,Michigan,15816,MI
G270,1900,Minnesota,270,,Minnesota,4959,MN
G280,1900,Mississippi,280,,Mississippi,907630,MS
G290,1900,Missouri,290,,Missouri,161234,MO
G300,1900,Montana,300,,Montana,1523,MT
G310,1900,Nebraska,310,,Nebraska,6269,NE
G320,1900,Nevada,320,,Nevada,134,NV
G330,1900,New Hampshire,330,,New Hampshire,662,NH
G340,1900,New Jersey,340,,New Jersey,69844,NJ
G355,1900,New Mexico Territory,355,,New Mexico Territory,1610,#N/A
G360,1900,New York,360,,New York,99232,NY
G370,1900,North Carolina,370,,North Carolina,624469,NC
G380,1900,North Dakota,380,,North Dakota,286,ND
G390,1900,Ohio,390,,Ohio,96901,OH
G405,1900,Oklahoma Territory,405,,Oklahoma Territory,18831,#N/A
G410,1900,Oregon,410,,Oregon,1105,OR
G420,1900,Pennsylvania,420,,Pennsylvania,156845,PA
G440,1900,Rhode Island,440,,Rhode Island,9092,RI
G450,1900,South Carolina,450,,South Carolina,782321,SC
G460,1900,South Dakota,460,,South Dakota,465,SD
G470,1900,Tennessee,470,,Tennessee,480243,TN
G480,1900,Texas,480,,Texas,620722,TX
G490,1900,Utah,490,,Utah,672,UT
G500,1900,Vermont,500,,Vermont,826,VT
G510,1900,Virginia,510,,Virginia,660722,VA
G530,1900,Washington,530,,Washington,2514,WA
G540,1900,West Virginia,540,,West Virginia,43499,WV
G550,1900,Wisconsin,550,,Wisconsin,2542,WI
G560,1900,Wyoming,560,,Wyoming,940,WY
G999,1900,Persons in the Military,999,,Persons in Military,6394,#N/A
G010,1910,Alabama,10,,Alabama,908282,AL
G025,1910,Alaska Territory,25,,Alaska Territory,209,#N/A
G045,1910,Arizona Territory,45,,Arizona Territory,2009,#N/A
G050,1910,Arkansas,50,,Arkansas,442891,AR
G060,1910,California,60,,California,21645,CA
G080,1910,Colorado,80,,Colorado,11453,CO
G090,1910,Connecticut,90,,Connecticut,15174,CT
G100,1910,Delaware,100,,Delaware,31181,DE
G110,1910,District Of Columbia,110,,District of Columbia,94446,#N/A
G120,1910,Florida,120,,Florida,308669,FL
G130,1910,Georgia,130,,Georgia,1176987,GA
G155,1910,Hawaii Territory,155,,Hawaii Territory,695,#N/A
G160,1910,Idaho,160,,Idaho,651,ID
G170,1910,Illinois,170,,Illinois,109049,IL
G180,1910,Indiana,180,,Indiana,60320,IN
G190,1910,Iowa,190,,Iowa,14973,IA
G200,1910,Kansas,200,,Kansas,54030,KS
G210,1910,Kentucky,210,,Kentucky,261656,KY
G220,1910,Louisiana,220,,Louisianna,713874,LA
G230,1910,Maine,230,,Maine,1363,ME
G240,1910,Maryland,240,,Maryland,232250,MD
G250,1910,Massachusetts,250,,Massachusetts,38055,MA
G260,1910,Michigan,260,,Michigan,17115,MI
G270,1910,Minnesota,270,,Minnesota,7084,MN
G280,1910,Mississippi,280,,Mississippi,1009487,MS
G290,1910,Missouri,290,,Missouri,157452,MO
G300,1910,Montana,300,,Montana,1834,MT
G310,1910,Nebraska,310,,Nebraska,7689,NE
G320,1910,Nevada,320,,Nevada,513,NV
G330,1910,New Hampshire,330,,New Hampshire,564,NH
G340,1910,New Jersey,340,,New Jersey,89760,NJ
G355,1910,New Mexico Territory,355,,New Mexico Territory,1628,#N/A
G360,1910,New York,360,,New York,134191,NY
G370,1910,North Carolina,370,,North Carolina,697843,NC
G380,1910,North Dakota,380,,North Dakota,617,ND
G390,1910,Ohio,390,,Ohio,111452,OH
G400,1910,Oklahoma,400,,Oklahoma,137612,OK
G410,1910,Oregon,410,,Oregon,1492,OR
G420,1910,Pennsylvania,420,,Pennsylvania,193919,PA
G440,1910,Rhode Island,440,,Rhode Island,9529,RI
G450,1910,South Carolina,450,,South Carolina,835843,SC
G460,1910,South Dakota,460,,South Dakota,817,SD
G470,1910,Tennessee,470,,Tennessee,473088,TN
G480,1910,Texas,480,,Texas,690049,TX
G490,1910,Utah,490,,Utah,1144,UT
G500,1910,Vermont,500,,Vermont,1621,VT
G510,1910,Virginia,510,,Virginia,671096,VA
G530,1910,Washington,530,,Washington,6058,WA
G540,1910,West Virginia,540,,West Virginia,64173,WV
G550,1910,Wisconsin,550,,Wisconsin,2900,WI
G560,1910,Wyoming,560,,Wyoming,2235,WY
G010,1920,Alabama,10,,Alabama,900652,AL
G025,1920,Alaska Territory,25,,Alaska Territory,0,#N/A
G040,1920,Arizona,40,,Arizona,8005,AZ
G050,1920,Arkansas,50,,Arkansas,472220,AR
G060,1920,California,60,,California,38763,CA
G080,1920,Colorado,80,,Colorado,11318,CO
G090,1920,Connecticut,90,,Connecticut,21046,CT
G100,1920,Delaware,100,,Delaware,30335,DE
G110,1920,District Of Columbia,110,,District of Columbia,109966,#N/A
G120,1920,Florida,120,,Florida,329487,FL
G130,1920,Georgia,130,,Georgia,1206365,GA
G155,1920,Hawaii Territory,155,,Hawaii Territory,348,#N/A
G160,1920,Idaho,160,,Idaho,920,ID
G170,1920,Illinois,170,,Illinois,182274,IL
G180,1920,Indiana,180,,Indiana,80810,IN
G190,1920,Iowa,190,,Iowa,19005,IA
G200,1920,Kansas,200,,Kansas,57925,KS
G210,1920,Kentucky,210,,Kentucky,235938,KY
G220,1920,Louisiana,220,,Louisianna,700257,LA
G230,1920,Maine,230,,Maine,1310,ME
G240,1920,Maryland,240,,Maryland,244479,MD
G250,1920,Massachusetts,250,,Massachusetts,45466,MA
G260,1920,Michigan,260,,Michigan,60082,MI
G270,1920,Minnesota,270,,Minnesota,8809,MN
G280,1920,Mississippi,280,,Mississippi,935184,MS
G290,1920,Missouri,290,,Missouri,178241,MO
G300,1920,Montana,300,,Montana,1658,MT
G310,1920,Nebraska,310,,Nebraska,13242,NE
G320,1920,Nevada,320,,Nevada,346,NV
G330,1920,New Hampshire,330,,New Hampshire,621,NH
G340,1920,New Jersey,340,,New Jersey,117132,NJ
G350,1920,New Mexico,350,,New Mexico,5733,NM
G360,1920,New York,360,,New York,198483,NY
G370,1920,North Carolina,370,,North Carolina,763407,NC
G380,1920,North Dakota,380,,North Dakota,467,ND
G390,1920,Ohio,390,,Ohio,186187,OH
G400,1920,Oklahoma,400,,Oklahoma,149408,OK
G410,1920,Oregon,410,,Oregon,2144,OR
G420,1920,Pennsylvania,420,,Pennsylvania,284568,PA
G440,1920,Rhode Island,440,,Rhode Island,10036,RI
G450,1920,South Carolina,450,,South Carolina,864719,SC
G460,1920,South Dakota,460,,South Dakota,832,SD
G470,1920,Tennessee,470,,Tennessee,451758,TN
G480,1920,Texas,480,,Texas,741694,TX
G490,1920,Utah,490,,Utah,1446,UT
G500,1920,Vermont,500,,Vermont,572,VT
G510,1920,Virginia,510,,Virginia,690017,VA
G530,1920,Washington,530,,Washington,6883,WA
G540,1920,West Virginia,540,,West Virginia,86345,WV
G550,1920,Wisconsin,550,,Wisconsin,5201,WI
G560,1920,Wyoming,560,,Wyoming,1375,WY
G010,1930,Alabama,10,,Alabama,944834,AL
G025,1930,Alaska Territory,25,,Alaska Territory,,#N/A
G040,1930,Arizona,40,,Arizona,10749,AZ
G050,1930,Arkansas,50,,Arkansas,478463,AR
G060,1930,California,60,,California,81048,CA
G080,1930,Colorado,80,,Colorado,11828,CO
G090,1930,Connecticut,90,,Connecticut,29354,CT
G100,1930,Delaware,100,,Delaware,32602,DE
G110,1930,District Of Columbia,110,,District of Columbia,132068,#N/A
G120,1930,Florida,120,,Florida,431828,FL
G130,1930,Georgia,130,,Georgia,1071125,GA
G155,1930,Hawaii Territory,155,,Hawaii Territory,,#N/A
G160,1930,Idaho,160,,Idaho,668,ID
G170,1930,Illinois,170,,Illinois,328972,IL
G180,1930,Indiana,180,,Indiana,111982,IN
G190,1930,Iowa,190,,Iowa,17380,IA
G200,1930,Kansas,200,,Kansas,66344,KS
G210,1930,Kentucky,210,,Kentucky,226040,KY
G220,1930,Louisiana,220,,Louisianna,776326,LA
G230,1930,Maine,230,,Maine,1096,ME
G240,1930,Maryland,240,,Maryland,276379,MD
G250,1930,Massachusetts,250,,Massachusetts,52365,MA
G260,1930,Michigan,260,,Michigan,169453,MI
G270,1930,Minnesota,270,,Minnesota,9445,MN
G280,1930,Mississippi,280,,Mississippi,1009718,MS
G290,1930,Missouri,290,,Missouri,223840,MO
G300,1930,Montana,300,,Montana,1256,MT
G310,1930,Nebraska,310,,Nebraska,13752,NE
G320,1930,Nevada,320,,Nevada,516,NV
G330,1930,New Hampshire,330,,New Hampshire,790,NH
G340,1930,New Jersey,340,,New Jersey,208828,NJ
G350,1930,New Mexico,350,,New Mexico,2850,NM
G360,1930,New York,360,,New York,412814,NY
G370,1930,North Carolina,370,,North Carolina,918647,NC
G380,1930,North Dakota,380,,North Dakota,377,ND
G390,1930,Ohio,390,,Ohio,309304,OH
G400,1930,Oklahoma,400,,Oklahoma,172198,OK
G410,1930,Oregon,410,,Oregon,2234,OR
G420,1930,Pennsylvania,420,,Pennsylvania,431257,PA
G440,1930,Rhode Island,440,,Rhode Island,9913,RI
G450,1930,South Carolina,450,,South Carolina,793681,SC
G460,1930,South Dakota,460,,South Dakota,646,SD
G470,1930,Tennessee,470,,Tennessee,477646,TN
G480,1930,Texas,480,,Texas,854964,TX
G490,1930,Utah,490,,Utah,1108,UT
G500,1930,Vermont,500,,Vermont,568,VT
G510,1930,Virginia,510,,Virginia,650165,VA
G530,1930,Washington,530,,Washington,6840,WA
G540,1930,West Virginia,540,,West Virginia,114893,WV
G550,1930,Wisconsin,550,,Wisconsin,10739,WI
G560,1930,Wyoming,560,,Wyoming,1250,WY
G010,1940,Alabama,10,,Alabama,983864,AL
G025,1940,Alaska Territory,25,,Alaska Territory,33354,#N/A
G040,1940,Arizona,40,,Arizona,72469,AZ
G050,1940,Arkansas,50,,Arkansas,483303,AR
G060,1940,California,60,,California,310624,CA
G080,1940,Colorado,80,,Colorado,16794,CO
G090,1940,Connecticut,90,,Connecticut,33835,CT
G100,1940,Delaware,100,,Delaware,35977,DE
G110,1940,District Of Columbia,110,,District Of Columbia,188765,#N/A
G120,1940,Florida,120,,Florida,515428,FL
G130,1940,Georgia,130,,Georgia,1085445,GA
G155,1940,Hawaii Territory,155,,Hawaii Territory,,#N/A
G160,1940,Idaho,160,,Idaho,5581,ID
G170,1940,Illinois,170,,Illinois,393039,IL
G180,1940,Indiana,180,,Indiana,122473,IN
G190,1940,Iowa,190,,Iowa,17577,IA
G200,1940,Kansas,200,,Kansas,66532,KS
G210,1940,Kentucky,210,,Kentucky,214202,KY
G220,1940,Louisiana,220,,Louisiana,852141,LA
G230,1940,Maine,230,,Maine,2683,ME
G240,1940,Maryland,240,,Maryland,302763,MD
G250,1940,Massachusetts,250,,Massachusetts,59125,MA
G260,1940,Michigan,260,,Michigan,216463,MI
G270,1940,Minnesota,270,,Minnesota,23318,MN
G280,1940,Mississippi,280,,Mississippi,1077469,MS
G290,1940,Missouri,290,,Missouri,245477,MO
G300,1940,Montana,300,,Montana,18988,MT
G310,1940,Nebraska,310,,Nebraska,18210,NE
G320,1940,Nevada,320,,Nevada,6217,NV
G330,1940,New Hampshire,330,,New Hampshire,535,NH
G340,1940,New Jersey,340,,New Jersey,229078,NJ
G350,1940,New Mexico,350,,New Mexico,39506,NM
G360,1940,New York,360,,New York,599596,NY
G370,1940,North Carolina,370,,North Carolina,1003988,NC
G380,1940,North Dakota,380,,North Dakota,10471,ND
G390,1940,Ohio,390,,Ohio,341081,OH
G400,1940,Oklahoma,400,,Oklahoma,232206,OK
G410,1940,Oregon,410,,Oregon,13953,OR
G420,1940,Pennsylvania,420,,Pennsylvania,473191,PA
G440,1940,Rhode Island,440,,Rhode Island,11541,RI
G450,1940,South Carolina,450,,South Carolina,815496,SC
G460,1940,South Dakota,460,,South Dakota,23886,SD
G470,1940,Tennessee,470,,Tennessee,508935,TN
G480,1940,Texas,480,,Texas,927279,TX
G490,1940,Utah,490,,Utah,7390,UT
G500,1940,Vermont,500,,Vermont,425,VT
G510,1940,Virginia,510,,Virginia,662190,VA
G530,1940,Washington,530,,Washington,38044,WA
G540,1940,West Virginia,540,,West Virginia,117872,WV
G550,1940,Wisconsin,550,,Wisconsin,24835,WI
G560,1940,Wyoming,560,,Wyoming,4145,WY
G010,1950,Alabama,10,,Alabama,982152,AL
G025,1950,Alaska Territory,25,,Alaska Territory,35835,#N/A
G040,1950,Arizona,40,,Arizona,95076,AZ
G050,1950,Arkansas,50,,Arkansas,428004,AR
G060,1950,California,60,,California,671050,CA
G080,1950,Colorado,80,,Colorado,28436,CO
G090,1950,Connecticut,90,,Connecticut,54951,CT
G100,1950,Delaware,100,,Delaware,44207,DE
G110,1950,District Of Columbia,110,,District of Columbia,284313,#N/A
G120,1950,Florida,120,,Florida,605254,FL
G130,1950,Georgia,130,,Georgia,1064001,GA
G155,1950,Hawaii Territory,155,,Hawaii Territory,385001,#N/A
G160,1950,Idaho,160,,Idaho,7242,ID
G170,1950,Illinois,170,,Illinois,666118,IL
G180,1950,Indiana,180,,Indiana,175712,IN
G190,1950,Iowa,190,,Iowa,21527,IA
G200,1950,Kansas,200,,Kansas,76338,KS
G210,1950,Kentucky,210,,Kentucky,202716,KY
G220,1950,Louisiana,220,,Louisianna,886833,LA
G230,1950,Maine,230,,Maine,2928,ME
G240,1950,Maryland,240,,Maryland,388026,MD
G250,1950,Massachusetts,250,,Massachusetts,79011,MA
G260,1950,Michigan,260,,Michigan,453941,MI
G270,1950,Minnesota,270,,Minnesota,28786,MN
G280,1950,Mississippi,280,,Mississippi,990282,MS
G290,1950,Missouri,290,,Missouri,299060,MO
G300,1950,Montana,300,,Montana,18986,MT
G310,1950,Nebraska,310,,Nebraska,24182,NE
G320,1950,Nevada,320,,Nevada,10175,NV
G330,1950,New Hampshire,330,,New Hampshire,967,NH
G340,1950,New Jersey,340,,New Jersey,323744,NJ
G350,1950,New Mexico,350,,New Mexico,50976,NM
G360,1950,New York,360,,New York,958097,NY
G370,1950,North Carolina,370,,North Carolina,1078808,NC
G380,1950,North Dakota,380,,North Dakota,11188,ND
G390,1950,Ohio,390,,Ohio,518405,OH
G400,1950,Oklahoma,400,,Oklahoma,200825,OK
G410,1950,Oregon,410,,Oregon,24213,OR
G420,1950,Pennsylvania,420,,Pennsylvania,644164,PA
G440,1950,Rhode Island,440,,Rhode Island,14881,RI
G450,1950,South Carolina,450,,South Carolina,823622,SC
G460,1950,South Dakota,460,,South Dakota,24236,SD
G470,1950,Tennessee,470,,Tennessee,531461,TN
G480,1950,Texas,480,,Texas,984660,TX
G490,1950,Utah,490,,Utah,11953,UT
G500,1950,Vermont,500,,Vermont,559,VT
G510,1950,Virginia,510,,Virginia,737125,VA
G530,1950,Washington,530,,Washington,62467,WA
G540,1950,West Virginia,540,,West Virginia,115270,WV
G550,1950,Wisconsin,550,,Wisconsin,41885,WI
G560,1950,Wyoming,560,,Wyoming,6520,WY
G010,1960,Alabama,10,,Alabama,983131,AL
G020,1960,Alaska,20,,Alaska,51621,AK
G040,1960,Arizona,40,,Arizona,132644,AZ
G050,1960,Arkansas,50,,Arkansas,390569,AR
G060,1960,California,60,,California,1261974,CA
G080,1960,Colorado,80,,Colorado,53247,CO
G090,1960,Connecticut,90,,Connecticut,111418,CT
G100,1960,Delaware,100,,Delaware,61965,DE
G110,1960,District Of Columbia,110,,District of Columbia,418693,#N/A
G120,1960,Florida,120,,Florida,887679,FL
G130,1960,Georgia,130,,Georgia,1125893,GA
G150,1960,Hawaii,150,,Hawaii,430542,HI
G160,1960,Idaho,160,,Idaho,9808,ID
G170,1960,Illinois,170,,Illinois,1070906,IL
G180,1960,Indiana,180,,Indiana,273944,IN
G190,1960,Iowa,190,,Iowa,28828,IA
G200,1960,Kansas,200,,Kansas,99945,KS
G210,1960,Kentucky,210,,Kentucky,218073,KY
G220,1960,Louisiana,220,,Louisianna,1045307,LA
G230,1960,Maine,230,,Maine,5974,ME
G240,1960,Maryland,240,,Maryland,526770,MD
G250,1960,Massachusetts,250,,Massachusetts,125434,MA
G260,1960,Michigan,260,,Michigan,737329,MI
G270,1960,Minnesota,270,,Minnesota,42261,MN
G280,1960,Mississippi,280,,Mississippi,920595,MS
G290,1960,Missouri,290,,Missouri,396846,MO
G300,1960,Montana,300,,Montana,24029,MT
G310,1960,Nebraska,310,,Nebraska,36566,NE
G320,1960,Nevada,320,,Nevada,21835,NV
G330,1960,New Hampshire,330,,New Hampshire,2587,NH
G340,1960,New Jersey,340,,New Jersey,527779,NJ
G350,1960,New Mexico,350,,New Mexico,75260,NM
G360,1960,New York,360,,New York,1495233,NY
G370,1960,North Carolina,370,,North Carolina,1156870,NC
G380,1960,North Dakota,380,,North Dakota,12908,ND
G390,1960,Ohio,390,,Ohio,796699,OH
G400,1960,Oklahoma,400,,Oklahoma,220384,OK
G410,1960,Oregon,410,,Oregon,36650,OR
G420,1960,Pennsylvania,420,,Pennsylvania,865362,PA
G440,1960,Rhode Island,440,,Rhode Island,20776,RI
G450,1960,South Carolina,450,,South Carolina,831572,SC
G460,1960,South Dakota,460,,South Dakota,27416,SD
G470,1960,Tennessee,470,,Tennessee,589336,TN
G480,1960,Texas,480,,Texas,1204846,TX
G490,1960,Utah,490,,Utah,16799,UT
G500,1960,Vermont,500,,Vermont,789,VT
G510,1960,Virginia,510,,Virginia,824506,VA
G530,1960,Washington,530,,Washington,101539,WA
G540,1960,West Virginia,540,,West Virginia,90288,WV
G550,1960,Wisconsin,550,,Wisconsin,92874,WI
G560,1960,Wyoming,560,,Wyoming,7144,WY
G010,1970,Alabama,1,,Alabama,908247,AL
G020,1970,Alaska,2,,Alaska,8911,AK
G040,1970,Arizona,4,,Arizona,53344,AZ
G050,1970,Arkansas,5,,Arkansas,357225,AR
G060,1970,California,6,,California,1400143,CA
G080,1970,Colorado,8,,Colorado,66411,CO
G090,1970,Connecticut,9,,Connecticut,181177,CT
G100,1970,Delaware,10,,Delaware,78276,DE
G110,1970,District Of Columbia,11,,District Of Columbia,537712,#N/A
G120,1970,Florida,12,,Florida,1049578,FL
G130,1970,Georgia,13,,Georgia,1190779,GA
G150,1970,Hawaii,15,,Hawaii,7573,HI
G160,1970,Idaho,16,,Idaho,2130,ID
G170,1970,Illinois,17,,Illinois,1425674,IL
G180,1970,Indiana,18,,Indiana,357464,IN
G190,1970,Iowa,19,,Iowa,32596,IA
G200,1970,Kansas,20,,Kansas,106977,KS
G210,1970,Kentucky,21,,Kentucky,241292,KY
G220,1970,Louisiana,22,,Louisiana,1088734,LA
G230,1970,Maine,23,,Maine,2800,ME
G240,1970,Maryland,24,,Maryland,701341,MD
G250,1970,Massachusetts,25,,Massachusetts,175817,MA
G260,1970,Michigan,26,,Michigan,991066,MI
G270,1970,Minnesota,27,,Minnesota,34868,MN
G280,1970,Mississippi,28,,Mississippi,815770,MS
G290,1970,Missouri,29,,Missouri,480172,MO
G300,1970,Montana,30,,Montana,1995,MT
G310,1970,Nebraska,31,,Nebraska,39911,NE
G320,1970,Nevada,32,,Nevada,27762,NV
G330,1970,New Hampshire,33,,New Hampshire,2505,NH
G340,1970,New Jersey,34,,New Jersey,770292,NJ
G350,1970,New Mexico,35,,New Mexico,19555,NM
G360,1970,New York,36,,New York,2168949,NY
G370,1970,North Carolina,37,,North Carolina,1137664,NC
G380,1970,North Dakota,38,,North Dakota,2494,ND
G390,1970,Ohio,39,,Ohio,970477,OH
G400,1970,Oklahoma,40,,Oklahoma,177907,OK
G410,1970,Oregon,41,,Oregon,26308,OR
G420,1970,Pennsylvania,42,,Pennsylvania,1016514,PA
G440,1970,Rhode Island,44,,Rhode Island,25338,RI
G450,1970,South Carolina,45,,South Carolina,789041,SC
G460,1970,South Dakota,46,,South Dakota,1627,SD
G470,1970,Tennessee,47,,Tennessee,631696,TN
G480,1970,Texas,48,,Texas,1419677,TX
G490,1970,Utah,49,,Utah,6617,UT
G500,1970,Vermont,50,,Vermont,761,VT
G510,1970,Virginia,51,,Virginia,865388,VA
G530,1970,Washington,53,,Washington,71308,WA
G540,1970,West Virginia,54,,West Virginia,73931,WV
G550,1970,Wisconsin,55,,Wisconsin,128224,WI
G560,1970,Wyoming,56,,Wyoming,2568,WY
G010,1980,Alabama,1,,Alabama,995623,AL
G020,1980,Alaska,2,,Alaska,13619,AK
G040,1980,Arizona,4,,Arizona,75034,AZ
G050,1980,Arkansas,5,,Arkansas,373192,AR
G060,1980,California,6,,California,1819282,CA
G080,1980,Colorado,8,,Colorado,101702,CO
G090,1980,Connecticut,9,,Connecticut,217433,CT
G100,1980,Delaware,10,,Delaware,95971,DE
G110,1980,District Of Columbia,11,,District Of Columbia,448229,#N/A
G120,1980,Florida,12,,Florida,1342478,FL
G130,1980,Georgia,13,,Georgia,1465457,GA
G150,1980,Hawaii,15,,Hawaii,17352,HI
G160,1980,Idaho,16,,Idaho,2716,ID
G170,1980,Illinois,17,,Illinois,1675229,IL
G180,1980,Indiana,18,,Indiana,414732,IN
G190,1980,Iowa,19,,Iowa,41700,IA
G200,1980,Kansas,20,,Kansas,126127,KS
G210,1980,Kentucky,21,,Kentucky,259490,KY
G220,1980,Louisiana,22,,Louisiana,1237263,LA
G230,1980,Maine,23,,Maine,3128,ME
G240,1980,Maryland,24,,Maryland,958050,MD
G250,1980,Massachusetts,25,,Massachusetts,221279,MA
G260,1980,Michigan,26,,Michigan,1198710,MI
G270,1980,Minnesota,27,,Minnesota,53342,MN
G280,1980,Mississippi,28,,Mississippi,887206,MS
G290,1980,Missouri,29,,Missouri,514274,MO
G300,1980,Montana,30,,Montana,1786,MT
G310,1980,Nebraska,31,,Nebraska,48389,NE
G320,1980,Nevada,32,,Nevada,50791,NV
G330,1980,New Hampshire,33,,New Hampshire,3990,NH
G340,1980,New Jersey,34,,New Jersey,924786,NJ
G350,1980,New Mexico,35,,New Mexico,24042,NM
G360,1980,New York,36,,New York,2401842,NY
G370,1980,North Carolina,37,,North Carolina,1316050,NC
G380,1980,North Dakota,38,,North Dakota,2568,ND
G390,1980,Ohio,39,,Ohio,1076734,OH
G400,1980,Oklahoma,40,,Oklahoma,204658,OK
G410,1980,Oregon,41,,Oregon,37059,OR
G420,1980,Pennsylvania,42,,Pennsylvania,1047609,PA
G440,1980,Rhode Island,44,,Rhode Island,27584,RI
G450,1980,South Carolina,45,,South Carolina,948146,SC
G460,1980,South Dakota,46,,South Dakota,2144,SD
G470,1980,Tennessee,47,,Tennessee,725949,TN
G480,1980,Texas,48,,Texas,1710250,TX
G490,1980,Utah,49,,Utah,9225,UT
G500,1980,Vermont,50,,Vermont,1135,VT
G510,1980,Virginia,51,,Virginia,1008311,VA
G530,1980,Washington,53,,Washington,105544,WA
G540,1980,West Virginia,54,,West Virginia,65051,WV
G550,1980,Wisconsin,55,,Wisconsin,182593,WI
G560,1980,Wyoming,56,,Wyoming,3364,WY
G010,1990,Alabama,1,,Alabama,931342,AL
G020,1990,Alaska,2,,Alaska,19462,AK
G040,1990,Arizona,4,,Arizona,98776,AZ
G050,1990,Arkansas,5,,Arkansas,338319,AR
G060,1990,California,6,,California,1992772,CA
G080,1990,Colorado,8,,Colorado,117940,CO
G090,1990,Connecticut,9,,Connecticut,247688,CT
G100,1990,Delaware,10,,Delaware,102110,DE
G110,1990,District Of Columbia,11,,District of Columbia,371111,#N/A
G120,1990,Florida,12,,Florida,1578103,FL
G130,1990,Georgia,13,,Georgia,1579493,GA
G150,1990,Hawaii,15,,Hawaii,23371,HI
G160,1990,Idaho,16,,Idaho,3295,ID
G170,1990,Illinois,17,,Illinois,1534667,IL
G180,1990,Indiana,18,,Indiana,390705,IN
G190,1990,Iowa,19,,Iowa,42106,IA
G200,1990,Kansas,20,,Kansas,127428,KS
G210,1990,Kentucky,21,,Kentucky,239792,KY
G220,1990,Louisiana,22,,Louisiana,1171299,LA
G230,1990,Maine,23,,Maine,4535,ME
G240,1990,Maryland,24,,Maryland,1087449,MD
G250,1990,Massachusetts,25,,Massachusetts,267775,MA
G260,1990,Michigan,26,,Michigan,1165573,MI
G270,1990,Minnesota,27,,Minnesota,82365,MN
G280,1990,Mississippi,28,,Mississippi,828858,MS
G290,1990,Missouri,29,,Missouri,495666,MO
G300,1990,Montana,30,,Montana,1797,MT
G310,1990,Nebraska,31,,Nebraska,50987,NE
G320,1990,Nevada,32,,Nevada,69977,NV
G330,1990,New Hampshire,33,,New Hampshire,6313,NH
G340,1990,New Jersey,34,,New Jersey,948995,NJ
G350,1990,New Mexico,35,,New Mexico,26832,NM
G360,1990,New York,36,,New York,2617377,NY
G370,1990,North Carolina,37,,North Carolina,1330172,NC
G380,1990,North Dakota,38,,North Dakota,2946,ND
G390,1990,Ohio,39,,Ohio,1044362,OH
G400,1990,Oklahoma,40,,Oklahoma,210038,OK
G410,1990,Oregon,41,,Oregon,40584,OR
G420,1990,Pennsylvania,42,,Pennsylvania,989854,PA
G440,1990,Rhode Island,44,,Rhode Island,34003,RI
G450,1990,South Carolina,45,,South Carolina,945294,SC
G460,1990,South Dakota,46,,South Dakota,2684,SD
G470,1990,Tennessee,47,,Tennessee,705725,TN
G480,1990,Texas,48,,Texas,1830442,TX
G490,1990,Utah,49,,Utah,9746,UT
G500,1990,Vermont,50,,Vermont,1886,VT
G510,1990,Virginia,51,,Virginia,1063359,VA
G530,1990,Washington,53,,Washington,131916,WA
G540,1990,West Virginia,54,,West Virginia,51096,WV
G550,1990,Wisconsin,55,,Wisconsin,214242,WI
G560,1990,Wyoming,56,,Wyoming,2980,WY
G010,2000,Alabama,1,,Alabama,1155930,AL
G020,2000,Alaska,2,,Alaska,21787,AK
G040,2000,Arizona,4,,Arizona,158873,AZ
G050,2000,Arkansas,5,,Arkansas,418950,AR
G060,2000,California,6,,California,2263882,CA
G080,2000,Colorado,8,,Colorado,165063,CO
G090,2000,Connecticut,9,,Connecticut,309843,CT
G100,2000,Delaware,10,,Delaware,150666,DE
G110,2000,District Of Columbia,11,,District Of Columbia,343312,#N/A
G120,2000,Florida,12,,Florida,2335505,FL
G130,2000,Georgia,13,,Georgia,2349542,GA
G150,2000,Hawaii,15,,Hawaii,22003,HI
G160,2000,Idaho,16,,Idaho,5456,ID
G170,2000,Illinois,17,,Illinois,1876875,IL
G180,2000,Indiana,18,,Indiana,510034,IN
G190,2000,Iowa,19,,Iowa,61853,IA
G200,2000,Kansas,20,,Kansas,154198,KS
G210,2000,Kentucky,21,,Kentucky,295994,KY
G220,2000,Louisiana,22,,Louisiana,1451944,LA
G230,2000,Maine,23,,Maine,6760,ME
G240,2000,Maryland,24,,Maryland,1477411,MD
G250,2000,Massachusetts,25,,Massachusetts,343454,MA
G260,2000,Michigan,26,,Michigan,1412742,MI
G270,2000,Minnesota,27,,Minnesota,171731,MN
G280,2000,Mississippi,28,,Mississippi,1033809,MS
G290,2000,Missouri,29,,Missouri,629391,MO
G300,2000,Montana,30,,Montana,2692,MT
G310,2000,Nebraska,31,,Nebraska,68541,NE
G320,2000,Nevada,32,,Nevada,135477,NV
G330,2000,New Hampshire,33,,New Hampshire,9035,NH
G340,2000,New Jersey,34,,New Jersey,1141821,NJ
G350,2000,New Mexico,35,,New Mexico,34343,NM
G360,2000,New York,36,,New York,3014385,NY
G370,2000,North Carolina,37,,North Carolina,1737545,NC
G380,2000,North Dakota,38,,North Dakota,3916,ND
G390,2000,Ohio,39,,Ohio,1301307,OH
G400,2000,Oklahoma,40,,Oklahoma,260968,OK
G410,2000,Oregon,41,,Oregon,55662,OR
G420,2000,Pennsylvania,42,,Pennsylvania,1224612,PA
G440,2000,Rhode Island,44,,Rhode Island,46908,RI
G450,2000,South Carolina,45,,South Carolina,1185216,SC
G460,2000,South Dakota,46,,South Dakota,4685,SD
G470,2000,Tennessee,47,,Tennessee,932809,TN
G480,2000,Texas,48,,Texas,2404566,TX
G490,2000,Utah,49,,Utah,17657,UT
G500,2000,Vermont,50,,Vermont,3063,VT
G510,2000,Virginia,51,,Virginia,1390293,VA
G530,2000,Washington,53,,Washington,190267,WA
G540,2000,West Virginia,54,,West Virginia,57232,WV
G550,2000,Wisconsin,55,,Wisconsin,304460,WI
G560,2000,Wyoming,56,,Wyoming,3722,WY
G010,2010,Alabama,1,,Alabama,1262980,AL
G020,2010,Alaska,2,,Alaska,24711,AK
G040,2010,Arizona,4,,Arizona,264009,AZ
G050,2010,Arkansas,5,,Arkansas,464411,AR
G060,2010,California,6,,California,2246353,CA
G080,2010,Colorado,8,,Colorado,198117,CO
G090,2010,Connecticut,9,,Connecticut,356880,CT
G100,2010,Delaware,10,,Delaware,191626,DE
G110,2010,District Of Columbia,11,,District of Columbia,309221,#N/A
G120,2010,Florida,12,,Florida,2997377,FL
G130,2010,Georgia,13,,Georgia,2976758,GA
G150,2010,Hawaii,15,,Hawaii,20345,HI
G160,2010,Idaho,16,,Idaho,8871,ID
G170,2010,Illinois,17,,Illinois,1866145,IL
G180,2010,Indiana,18,,Indiana,587044,IN
G190,2010,Iowa,19,,Iowa,95190,IA
G200,2010,Kansas,20,,Kansas,164819,KS
G210,2010,Kentucky,21,,Kentucky,336561,KY
G220,2010,Louisiana,22,,Louisiana,1455478,LA
G230,2010,Maine,23,,Maine,15121,ME
G240,2010,Maryland,24,,Maryland,1701903,MD
G250,2010,Massachusetts,25,,Massachusetts,443271,MA
G260,2010,Michigan,26,,Michigan,1385311,MI
G270,2010,Minnesota,27,,Minnesota,273680,MN
G280,2010,Mississippi,28,,Mississippi,1109263,MS
G290,2010,Missouri,29,,Missouri,703257,MO
G300,2010,Montana,30,,Montana,4835,MT
G310,2010,Nebraska,31,,Nebraska,80630,NE
G320,2010,Nevada,32,,Nevada,216792,NV
G330,2010,New Hampshire,33,,New Hampshire,15448,NH
G340,2010,New Jersey,34,,New Jersey,1186144,NJ
G350,2010,New Mexico,35,,New Mexico,40588,NM
G360,2010,New York,36,,New York,3015272,NY
G370,2010,North Carolina,37,,North Carolina,2050395,NC
G380,2010,North Dakota,38,,North Dakota,8601,ND
G390,2010,Ohio,39,,Ohio,1412002,OH
G400,2010,Oklahoma,40,,Oklahoma,270132,OK
G410,2010,Oregon,41,,Oregon,70368,OR
G420,2010,Pennsylvania,42,,Pennsylvania,1376234,PA
G440,2010,Rhode Island,44,,Rhode Island,62822,RI
G450,2010,South Carolina,45,,South Carolina,1301988,SC
G460,2010,South Dakota,46,,South Dakota,10743,SD
G470,2010,Tennessee,47,,Tennessee,1066253,TN
G480,2010,Texas,48,,Texas,2970243,TX
G490,2010,Utah,49,,Utah,28701,UT
G500,2010,Vermont,50,,Vermont,6564,VT
G510,2010,Virginia,51,,Virginia,1569497,VA
G530,2010,Washington,53,,Washington,239112,WA
G540,2010,West Virginia,54,,West Virginia,57509,WV
G550,2010,Wisconsin,55,,Wisconsin,350438,WI
G560,2010,Wyoming,56,,Wyoming,4612,WY
G720,2010,Puerto Rico,72,,Puerto Rico,281915,#N/A
G010,2020,Alabama,,,Alabama,1313291,AL
G020,2020,Alaska,,,Alaska,27108,AK
G040,2020,Arizona,,,Arizona,376997,AZ
G050,2020,Arkansas,,,Arkansas,473048,AR
G060,2020,California,,,California,2552757,CA
G080,2020,Colorado,,,Colorado,264479,CO
G090,2020,Connecticut,,,Connecticut,434585,CT
G100,2020,Delaware,,,Delaware,225544,DE
G110,2020,District of Columbia,,,District of Columbia,324484,#N/A
G120,2020,Florida,,,Florida,3633515,FL
G130,2020,Georgia,,,Georgia,3458147,GA
G150,2020,Hawaii,,,Hawaii,30958,HI
G160,2020,Idaho,,,Idaho,16346,ID
G170,2020,Illinois,,,Illinois,1852516,IL
G180,2020,Indiana,,,Indiana,669596,IN
G190,2020,Iowa,,,Iowa,128105,IA
G200,2020,Kansas,,,Kansas,178725,KS
G210,2020,Kentucky,,,Kentucky,378479,KY
G220,2020,Louisiana,,,Louisiana,1524733,LA
G230,2020,Maine,,,Maine,22691,ME
G240,2020,Maryland,,,Maryland,1878645,MD
G250,2020,Massachusetts,,,Massachusetts,621902,MA
G260,2020,Michigan,,,Michigan,1407890,MI
G270,2020,Minnesota,,,Minnesota,395556,MN
G280,2020,Mississippi,,,Mississippi,1124559,MS
G290,2020,Missouri,,,Missouri,725579,MO
G300,2020,Montana,,,Montana,6389,MT
G310,2020,Nebraska,,,Nebraska,100763,NE
G320,2020,Nevada,,,Nevada,316303,NV
G330,2020,New Hampshire,,,New Hampshire,24371,NH
G340,2020,New Jersey,,,New Jersey,1337457,NJ
G350,2020,New Mexico,,,New Mexico,54772,NM
G360,2020,New York,,,New York,3421123,NY
G370,2020,North Carolina,,,North Carolina,2330563,NC
G380,2020,North Dakota,,,North Dakota,25984,ND
G390,2020,Ohio,,,Ohio,1525570,OH
G400,2020,Oklahoma,,,Oklahoma,307819,OK
G410,2020,Oregon,,,Oregon,93740,OR
G420,2020,Pennsylvania,,,Pennsylvania,1540092,PA
G440,2020,Rhode Island,,,Rhode Island,90108,RI
G450,2020,South Carolina,,,South Carolina,1388017,SC
G460,2020,South Dakota,,,South Dakota,20332,SD
G470,2020,Tennessee,,,Tennessee,1164461,TN
G480,2020,Texas,,,Texas,3739221,TX
G490,2020,Utah,,,Utah,47537,UT
G500,2020,Vermont,,,Vermont,8774,VT
G510,2020,Virginia,,,Virginia,1696911,VA
G530,2020,Washington,,,Washington,331924,WA
G540,2020,West Virginia,,,West Virginia,64610,WV
G550,2020,Wisconsin,,,Wisconsin,390543,WI
G560,2020,Wyoming,,,Wyoming,7467,WY
